ID,Section,Word,Correct Answer,Wrong1,Wrong2,Wrong3,Points
1,1,lie,いる,置く,上がる,存在する,1
2,1,lay,置く,いる,上げる,到着する,1
3,1,lie,うそをつく,いる,置く,証明する,1
4,1,rise,上がる,上げる,落ちる,進化する,1
5,1,raise,上げる,上がる,持ってくる,示す,1
6,1,grow,成長する,進化する,存在する,戻る,1
7,1,bring,持ってくる,送る,渡す,訪問する,1
8,1,exist,存在する,現れる,所属している,住んでいる,1
9,1,participate,参加する,出席する,到着する,旅行する,1
10,1,evolve,進化する,成長する,証明する,示す,1
11,1,dive,飛び込む,跳ぶ,泳ぐ,歩く,1
12,1,leap,跳ぶ,飛び込む,歩く,急ぐ,1
13,1,arrive,到着する,出発する,戻る,近づく,1
14,1,depart,出発する,到着する,戻る,旅行する,1
15,1,sleep,眠る,座る,歩く,住んでいる,1
16,1,walk,歩く,急ぐ,旅行する,泳ぐ,1
17,1,hurry,急ぐ,歩く,戻る,出発する,1
18,1,return,戻る,到着する,出発する,参加する,1
19,1,travel,旅行する,歩く,訪問する,到着する,1
20,1,appear,現れる,存在する,見る,聞こえる,1
21,1,stare,じっと見る,見える,気づく,示す,1
22,1,rain,雨が降る,雪が降る,落ちる,現れる,1
23,1,snow,雪が降る,雨が降る,落ちる,凍る,1
24,1,become,～になる,～のままでいる,～に見える,証明する,1
25,1,turn,～になる,戻る,置く,示す,1
26,1,come,なる,行く,戻る,到着する,1
27,1,go,なる,来る,出発する,落ちる,1
28,1,fall,落ちる,上がる,跳ぶ,進化する,1
29,1,prove,証明する,示す,ほのめかす,評価する,1
30,1,look,～に見える,～に聞こえる,においがする,味がする,1
31,1,seem,～のようだ,～に見える,感じる,わかる,1
32,1,sound,～に聞こえる,～に見える,においがする,感じる,1
33,1,smell,においがする,味がする,聞こえる,見える,1
34,1,taste,味がする,においがする,感じる,見る,1
35,1,stay,～のままでいる,～になる,戻る,住んでいる,1
36,1,remain,～のままでいる,～になる,現れる,続く,1
37,1,believe,信じる,議論する,示す,ほのめかす,1
38,1,argue,議論する,信じる,示す,話し合う,1
39,1,indicate,示す,ほのめかす,証明する,評価する,1
40,1,imply,ほのめかす,示す,証明する,議論する,1
41,1,estimate,評価する,到達する,示す,理解する,1
42,1,reach,到達する,訪問する,近づく,入る,1
43,1,visit,訪問する,出席する,参加する,到達する,1
44,1,enter,入る,参加する,出発する,到着する,1
45,1,approach,近づく,到達する,訪問する,出発する,1
46,1,join,参加する,出席する,訪問する,答える,1
47,1,attend,出席する,参加する,訪問する,答える,1
48,1,answer,答える,話し合う,示す,教える,1
49,1,marry,結婚する,参加する,話し合う,信じる,1
50,1,discuss,話し合う,議論する,答える,示す,1
51,1,follow,後を追う,近づく,参加する,戻る,1
52,1,give,与える,送る,見せる,渡す,1
53,1,teach,教える,見せる,書く,読む,1
54,1,show,見せる,教える,送る,示す,1
55,1,send,送る,渡す,与える,持ってくる,1
56,1,pass,渡す,送る,与える,置く,1
57,1,sing,歌う,書く,読む,料理する,1
58,1,write,書く,読む,歌う,答える,1
59,1,read,読む,書く,理解する,聞こえる,1
60,1,buy,買う,料理する,盗む,持ってくる,1
61,1,cook,料理する,買う,書く,作る,1
62,1,take,かかる,費用がかかる,取る,与える,1
63,1,cost,かかる,取る,買う,評価する,1
64,1,name,名づける,描く,みなす,示す,1
65,1,understand,理解する,気づく,信じる,わかる,1
66,1,steal,盗む,買う,持ってくる,渡す,1
67,1,open,開く,置く,切る,始める,1
68,1,see,見る,聞こえる,感じる,気づく,1
69,1,hear,聞こえる,見る,感じる,味がする,1
70,1,feel,感じる,聞こえる,見る,においがする,1
71,1,find,わかる,見つける,理解する,気づく,1
72,1,perceive,気づく,理解する,見る,聞こえる,1
73,1,make,～させる,許可する,頼む,期待する,1
74,1,have,～させる,保つ,与える,持っている,1
75,1,let,～させる,許可する,強いる,頼む,1
76,1,keep,保つ,ほったらかす,～させる,置く,1
77,1,leave,ほったらかす,保つ,置く,出発する,1
78,1,get,～させる,得る,許可する,期待する,1
79,1,ask,頼む,許可する,促す,助言する,1
80,1,allow,許可する,強いる,頼む,励ます,1
81,1,permit,許可する,可能にする,強いる,期待する,1
82,1,enable,可能にする,許可する,権利を与える,促す,1
83,1,force,強いる,許可する,励ます,助言する,1
84,1,advise,助言する,励ます,促す,期待する,1
85,1,encourage,励ます,助言する,促す,強いる,1
86,1,expect,期待する,決心する,促す,許可する,1
87,1,determine,決心する,期待する,強いる,助言する,1
88,1,urge,促す,励ます,許可する,頼む,1
89,1,entitle,権利を与える,可能にする,許可する,みなす,1
90,1,help,手伝う,頼む,励ます,許可する,1
91,1,regard,みなす,描く,見る,名づける,1
92,1,view,みなす,見る,描く,示す,1
93,1,describe,描く,みなす,示す,説明する,1
94,1,already,すでに,まだ,かつて,今まで,1
95,1,yet,まだ,すでに,かつて,決して,1
96,1,since,～今まで,～するとき,～する間,～した後に,1
97,1,ever,これまでに,すでに,まだ,かつて,1
98,1,once,かつて,すでに,まだ,今まで,1
99,1,die,死ぬ,住んでいる,座る,眠る,1
100,1,sit,座る,住んでいる,眠る,歩く,1
101,1,cut,切る,置く,開く,盗む,1
102,1,put,置く,切る,開く,渡す,1
103,1,begin,始める,終える,戻る,開く,1
104,1,swim,泳ぐ,飛び込む,歩く,スケートをする,1
105,1,skate,スケートをする,スキーする,泳ぐ,キャンプする,1
106,1,ski,スキーする,スケートをする,ハイキングをする,泳ぐ,1
107,1,camp,キャンプする,ハイキングをする,旅行する,歩く,1
108,1,hike,ハイキングをする,キャンプする,歩く,旅行する,1
109,1,know,知っている,好む,住んでいる,所有する,1
110,1,love,好む,知っている,所属している,似ている,1
111,1,live,住んでいる,死ぬ,所属している,所有する,1
112,1,belong,所属している,住んでいる,所有する,似ている,1
113,1,resemble,似ている,所属している,所有する,好む,1
114,1,own,所有する,所属している,住んでいる,似ている,1
115,1,when,～するとき,～する間,～する前に,もし～なら,1
116,1,while,～する間,～するとき,～した後に,～しない限り,1
117,1,before,～する前に,～した後に,～するとき,もし～なら,1
118,1,after,～した後に,～する前に,～する間,～しない限り,1
119,1,if,もし～なら,～しない限り,～するとき,さもなければ,1
120,1,unless,～しない限り,もし～なら,～した後に,さもなければ,1
121,1,otherwise,さもなければ,もし～なら,～しない限り,～する間,1
122,1,wish,願う,期待する,信じる,決心する,1
123,2,can,?できる/ありえる,?するつもりだ,必要がある,避ける,1
124,2,will,?するつもりだ/?でしょう,?できる,?してもよい,試みる,1
125,2,may,?してもよい/?かもしれない,?しなければならない,?できた,拒否する,1
126,2,must,?しなければならない/?にちがいない,?するべきだ,?かもしれない,望む,1
127,2,shall,?でしょう,?するつもりだ,?できる,?してもよい,1
128,2,should,?するべきだ/?のはずだ,?しなければならない,?できた,?しただろう,1
129,2,could,?できた/?できる,?するべきだ,?しなければならない,?するつもりだ,1
130,2,would,?したものだ/?するつもり,?できる,?しなければならない,?かもしれない,1
131,2,might,?かもしれない,?するべきだ,?できる,?するつもりだ,1
132,2,had better,?しないとまずい,?するべきだ,?できる,?かもしれない,1
133,2,need,必要がある/必要とする,望む,避ける,拒否する,1
134,2,want,望む,必要がある,避ける,提案する,1
135,2,hope,希望する,諦める,拒否する,避ける,1
136,2,desire,強く望む,避ける,忘れる,試みる,1
137,2,offer,提供する/申し出る,拒否する,借りる,防ぐ,1
138,2,plan,計画する,避ける,後悔する,借りる,1
139,2,promise,約束する,拒否する,避ける,失敗する,1
140,2,decide,決める,迷う,拒否する,借りる,1
141,2,try,試みる,諦める,拒否する,忘れる,1
142,2,learn,学ぶ/身につける,教える,忘れる,避ける,1
143,2,tend,傾向がある,試みる,決める,約束する,1
144,2,happen,起こる/たまたま?する,避ける,拒否する,計画する,1
145,2,refuse,拒む,受け入れる,提供する,望む,1
146,2,remember,覚えている,忘れる,避ける,拒む,1
147,2,forget,忘れる,覚えている,後悔する,避ける,1
148,2,regret,後悔する,喜ぶ,避ける,提供する,1
149,2,fail,失敗する/?し損なう,成功する,計画する,望む,1
150,2,opportunity,機会,能力,努力,決断,1
151,2,ability,能力,機会,努力,決断,1
152,2,decision,決断,能力,機会,努力,1
153,2,effort,努力,能力,機会,決断,1
154,2,kind,やさしい,失礼な,利己的な,正直な,1
155,2,careless,不注意な,慎重な,賢い,正直な,1
156,2,intelligent,頭脳が鋭い,愚かな,失礼な,弱い,1
157,2,clever,賢い,愚かな,弱い,失礼な,1
158,2,wise,賢い,愚かな,不注意な,失礼な,1
159,2,foolish,愚かな,賢い,慎重な,親切な,1
160,2,stupid,愚かな,賢い,親切な,有能な,1
161,2,rude,無礼な,親切な,賢い,慎重な,1
162,2,selfish,わがままな,親切な,誠実な,慎重な,1
163,2,crazy,正気じゃない/夢中だ,冷静な,慎重な,賢い,1
164,2,honest,正直な,不注意な,失礼な,愚かな,1
165,2,eager,熱望して,無関心な,退屈した,疲れた,1
166,2,likely,ありそうな,不可能な,退屈した,無関心な,1
167,2,willing,進んで?する,拒否する,嫌がる,避ける,1
168,2,reluctant,気が進まない,積極的な,熱望している,幸せな,1
169,2,liable,?するおそれがある/?しやすい,安全な,確実な,幸福な,1
170,2,all,すべての,何も?ない,少しの,多くの,1
171,2,only,?だけ/唯一の,すべての,多くの,少しの,1
172,2,practice,練習する/実行する,避ける,忘れる,拒否する,1
173,2,enjoy,楽しむ,嫌う,拒否する,忘れる,1
174,2,mind,気にする,楽しむ,忘れる,拒否する,1
175,2,consider,考える,避ける,拒否する,忘れる,1
176,2,stop,やめる,始める,続ける,楽しむ,1
177,2,finish,終える,始める,続ける,避ける,1
178,2,avoid,避ける,受け入れる,試みる,望む,1
179,2,escape,逃れる,捕まる,止まる,拒否する,1
180,2,postpone,延期する,始める,終える,避ける,1
181,2,spill,こぼす,満たす,閉じる,隠す,1
182,2,interest,興味を持たせる,退屈させる,驚かせる,疲れさせる,1
183,2,interesting,興味深い,退屈な,疲れる,驚いた,1
184,2,interested,興味がある,退屈した,疲れた,驚いた,1
185,2,excite,ワクワクさせる,退屈させる,悲しませる,怒らせる,1
186,2,exciting,ワクワクさせるような,退屈な,悲しい,疲れた,1
187,2,excited,ワクワクしている,退屈した,悲しい,疲れた,1
188,2,surprise,驚かせる,安心させる,退屈させる,悲しませる,1
189,2,surprising,驚かせるような,退屈な,悲しい,疲れた,1
190,2,surprised,驚いた,退屈した,悲しい,疲れた,1
191,2,bore,退屈させる,驚かせる,喜ばせる,疲れさせる,1
192,2,boring,退屈な,面白い,興奮した,悲しい,1
193,2,bored,退屈した,興奮した,面白い,悲しい,1
194,2,tire,疲れさせる,元気にする,驚かせる,喜ばせる,1
195,2,tiring,疲れさせるような,面白い,楽しい,簡単な,1
196,2,tired,疲れた,元気な,興奮した,楽しい,1
197,2,please,喜ばせる,怒らせる,疲れさせる,悲しませる,1
198,2,satisfy,満足させる,失望させる,怒らせる,疲れさせる,1
199,2,move,感動させる,退屈させる,怒らせる,驚かせる,1
200,2,touch,感動させる,退屈させる,怒らせる,驚かせる,1
201,2,attract,引きつける,遠ざける,拒否する,避ける,1
202,2,fascinate,魅了する,退屈させる,怒らせる,避ける,1
203,2,depress,落ち込ませる,元気づける,驚かせる,喜ばせる,1
204,2,disappoint,がっかりさせる,喜ばせる,驚かせる,満足させる,1
205,2,embarrass,恥ずかしい思いをさせる,喜ばせる,驚かせる,満足させる,1
206,2,fold,折りたたむ,広げる,壊す,閉じる,1
207,2,frankly,率直に,慎重に,静かに,徐々に,1
208,2,generally,一般的に,具体的に,慎重に,率直に,1
209,2,strictly,厳密に,率直に,一般的に,徐々に,1
210,2,including,?を含めて,?を除いて,?に反して,?に従って,1
211,2,according,?によれば,?にもかかわらず,?の代わりに,?を除いて,1
212,2,owing,?が原因で,?のおかげで,?にもかかわらず,?の代わりに,1
213,2,whichever,たとえどれであっても,どちらでもない,両方とも,どこでも,1
214,2,whatever,たとえ何であっても,誰でも,いつでも,どこでも,1
215,2,whoever,たとえだれであっても,何でも,どこでも,いつでも,1
216,2,whomever,たとえだれであっても,何でも,どこでも,いつでも,1
217,2,whenever,たとえいつであろうとも,どこでも,誰でも,何でも,1
218,2,wherever,たとえどこであろうとも,いつでも,誰でも,何でも,1
219,2,worse,より悪い/より悪く,より良い,最も悪い,少し悪い,1
220,2,worst,最も悪い/最も悪く,より悪い,より良い,最も良い,1
221,2,later,より遅い/より遅く,より早い,最も遅い,すぐに,1
222,2,latest,最新の/最も遅く,古い,最初の,以前の,1
223,2,latter,後半の,前半の,最初の,以前の,1
224,2,lesser,より小さいほうの,より大きい,最重要の,最新の,1
225,2,superior,よりすぐれた,劣った,普通の,弱い,1
226,2,inferior,より劣った,優れた,普通の,強い,1
227,2,senior,年上の,年下の,同年代の,若い,1
228,2,junior,年下の,年上の,同年代の,高齢の,1
229,2,prefer,好む,嫌う,避ける,拒否する,1
230,2,twice,2倍/2回,1回,3倍,半分,1
231,2,few,ほとんど?ない,たくさんの,すべての,少しの,1
232,2,little,ほとんど?ない,たくさんの,すべての,多くの,1
233,2,hardly,ほとんど?ない,頻繁に,必ず,いつも,1
234,2,scarcely,ほとんど?ない,頻繁に,必ず,いつも,1
235,2,free,?がない/暇な/自由な/無料の,有料の,忙しい,危険な,1
236,2,tax,税金,給料,利益,費用,1
237,2,smoke,煙/タバコを吸う,火,水,空気,1
238,2,barrier,障壁,機会,能力,努力,1
239,2,nothing,何も?ない,すべて,何か,誰か,1
240,3,about,約?/?について,正確に,?なしで,突然に,1
241,3,around,約?/周囲に,真ん中に,内部に,正確に,1
242,3,almost,ほとんど,完全に,全く?ない,突然に,1
243,3,most,ほとんどの/最も,少しの,全く?ない,最後の,1
244,3,near,?の近くに,?の中に,?の間に,?の外に,1
245,3,nearby,近くの/近くに,遠くの,突然の,正確な,1
246,3,inside,?の中に,?の外に,?の上に,?の間に,1
247,3,outside,?の外に,?の中に,?の間に,?の下に,1
248,3,beside,?の横に,?の中に,?の後ろに,?の間に,1
249,3,between,?の間に（2つ）,?の中に,?の上に,?の横に,1
250,3,among,?の間に（3つ以上）,?の横に,?の下に,?の外に,1
251,3,beyond,?を越えて,?の中に,?の間に,?の下に,1
252,3,above,?の上に,?の下に,?の中に,?の横に,1
253,3,below,?の下に,?の上に,?の間に,?の外に,1
254,3,over,?の上に/?を越えて,?の下に,?の間に,?なしで,1
255,3,under,?の下に,?の上に,?の横に,?の間に,1
256,3,across,?を横切って,?の下に,?なしで,?の中に,1
257,3,through,?を通り抜けて,?の周囲に,?の横に,?なしで,1
258,3,along,?に沿って,?を横切って,?なしで,?の中に,1
259,3,against,?に反対して/?にもたれて,?に賛成して,?の中に,?の下に,1
260,3,toward,?の方へ,?から離れて,?なしで,?の中に,1
261,3,for,?のために/?の間,?なしで,?以来,?について,1
262,3,during,?の間ずっと,?以来,?までに,?の後で,1
263,3,within,?以内に,?の後で,?以来,?の外で,1
264,3,by,?までに/?のそばに,?以来,?の間ずっと,?なしで,1
265,3,until,?までずっと,?以来,?の後で,?の途中で,1
266,3,from,?から,?まで,?について,?のために,1
267,3,since,?以来,?まで,?の間ずっと,?なしで,1
268,3,after,?の後で,?の前に,?の間に,?以来,1
269,3,before,?の前に,?の後で,?以来,?の途中で,1
270,3,behind,?の後ろに,?の前に,?の中に,?の上に,1
271,3,in front of,?の前に,?の後ろに,?の中に,?の横に,1
272,3,because,なぜなら?だから,しかし,それゆえに,その間,1
273,3,because of,?のために,?にもかかわらず,?の代わりに,?に加えて,1
274,3,due to,?が原因で,?にもかかわらず,?に加えて,?の代わりに,1
275,3,despite,?にもかかわらず,?が原因で,?に加えて,?のために,1
276,3,in spite of,?にもかかわらず,?のために,?が原因で,?に加えて,1
277,3,besides,?に加えて,?の代わりに,?にもかかわらず,?なしで,1
278,3,except,?を除いて,?に加えて,?のために,?について,1
279,3,instead of,?の代わりに,?に加えて,?にもかかわらず,?のために,1
280,3,however,しかしながら,それゆえに,さらに,例えば,1
281,3,moreover,さらに,しかしながら,その結果,例えば,1
282,3,furthermore,さらに,しかしながら,その結果,例えば,1
283,3,otherwise,さもなければ,その結果,例えば,したがって,1
284,3,meanwhile,その間に,したがって,しかしながら,さらに,1
285,3,therefore,したがって,しかしながら,その間に,例えば,1
286,4,chalk,チョーク,鉛筆,消しゴム,ノート,1
287,4,bread,パン,米,肉,砂糖,1
288,4,water,水,火,空気,土,1
289,4,sugar,砂糖,塩,油,水,1
290,4,information,情報,誤解,秘密,問題,1
291,4,homework,宿題,旅行,仕事,遊び,1
292,4,news,ニュース,小説,宿題,情報,1
293,4,housework,家事,宿題,仕事,勉強,1
294,4,progress,進歩,失敗,停止,後退,1
295,4,traffic,交通,建物,教育,旅行,1
296,4,behavior,行動,知識,会話,計画,1
297,4,money,お金,時間,紙,食料,1
298,4,baggage,手荷物,家具,宿題,交通,1
299,4,furniture,家具,服,荷物,食料,1
300,4,police,警察,消防士,教師,医者,1
301,4,customer,客,店員,教師,患者,1
302,4,passenger,乗客,運転手,警察,観客,1
303,4,consumer,消費者,生産者,観客,店員,1
304,4,client,依頼人,観客,乗客,教師,1
305,4,audience,観客,俳優,教師,選手,1
306,4,spectator,観客,参加者,客,選手,1
307,4,guest,客,店員,依頼人,観客,1
308,4,visitor,訪問者,住民,教師,店員,1
309,4,shake,振る,押す,引く,投げる,1
310,4,asleep,眠っている,起きている,忙しい,健康な,1
311,4,alive,生きている,死んでいる,疲れている,眠い,1
312,4,alike,似ている,異なる,弱い,高い,1
313,4,mere,単なる,重要な,巨大な,複雑な,1
314,4,each,それぞれの,すべての,いくつかの,ほとんどない,1
315,4,every,すべての,少しの,どちらも?ない,いくつかの,1
316,4,responsible,責任がある,怠惰な,危険な,無責任な,1
317,4,reliable,信頼できる,危険な,無責任な,退屈な,1
318,4,capable,能力がある,無能な,退屈な,危険な,1
319,4,knowledgeable,知識がある,無知な,退屈な,危険な,1
320,4,respectable,立派な,失礼な,怠惰な,危険な,1
321,4,edible,食べられる,危険な,壊れた,高価な,1
322,4,possible,可能な,不可能な,危険な,無意味な,1
323,4,yearly,毎年の,毎日の,毎週の,毎月の,1
324,4,timely,タイミングのよい,遅い,危険な,無意味な,1
325,4,friendly,親しみやすい,失礼な,危険な,冷たい,1
326,4,home,家へ/家で,学校へ,職場へ,海外へ,1
327,4,here,ここに,そこに,あそこに,どこにも,1
328,4,there,そこに,ここに,どこにも,家に,1
329,4,abroad,海外へ,家へ,学校へ,近くへ,1
330,4,somewhere,どこかに,どこにも?ない,どこでも,ここに,1
331,4,past,通り過ぎて/過去の,未来の,現在の,内部の,1
332,4,left,左へ/左の,右へ,中央へ,上へ,1
333,4,upstairs,上の階へ,下の階へ,外へ,内部へ,1
334,4,downstairs,下の階へ,上の階へ,外へ,内部へ,1
335,4,indoors,屋内で,屋外で,海外で,自宅で,1
336,4,outdoors,屋外で,屋内で,学校で,海外で,1
337,4,overnight,一晩中,一日中,毎週,時々,1
338,4,alone,一人で,一緒に,頻繁に,突然に,1
339,4,always,いつも,決して?ない,時々,めったに?ない,1
340,4,usually,たいてい,決して?ない,時々,めったに?ない,1
341,4,often,しばしば,決して?ない,時々,一度も?ない,1
342,4,frequently,頻繁に,めったに?ない,決して?ない,時々,1
343,4,sometimes,時々,いつも,決して?ない,頻繁に,1
344,4,sometime,いつか,決して?ない,頻繁に,昨日,1
345,4,occasionally,時々,常に,決して?ない,毎日,1
346,4,rarely,めったに?ない,頻繁に,常に,毎日,1
347,4,seldom,めったに?ない,頻繁に,常に,毎日,1
348,4,never,決して?ない,時々,頻繁に,常に,1
349,4,very,とても,少し,全く?ない,時々,1
350,4,too,?すぎる,少し,全く?ない,かなり,1
351,4,enough,十分に,不足して,少しだけ,全く?ない,1
352,4,also,?もまた,しかし,決して?ない,ほとんど?ない,1
353,4,tell,伝える,隠す,拒否する,忘れる,1
354,4,remind,思い出させる,忘れさせる,隠す,拒否する,1
355,4,say,言う,聞く,隠す,拒否する,1
356,4,explain,説明する,隠す,拒否する,忘れる,1
357,4,apologize,謝る,批判する,拒否する,隠す,1
358,4,rob,奪う,与える,保存する,借りる,1
359,4,provide,提供する,拒否する,奪う,隠す,1
360,4,supply,供給する,不足する,拒否する,奪う,1
361,4,cost,費用がかかる,稼ぐ,節約する,借りる,1
362,4,share,共有する,隠す,拒否する,奪う,1
363,4,mix,混ぜる,分ける,壊す,拒否する,1
364,4,combine,結合する,分離する,拒否する,壊す,1
365,4,thank,感謝する,批判する,拒否する,忘れる,1
366,4,praise,褒める,批判する,罰する,無視する,1
367,4,blame,非難する,褒める,感謝する,守る,1
368,4,criticize,批判する,褒める,感謝する,守る,1
369,4,punish,罰する,褒める,助ける,感謝する,1
370,4,scold,叱る,褒める,助ける,守る,1
371,4,prevent,妨げる,助ける,促進する,許可する,1
372,4,suggest,提案する,拒否する,隠す,忘れる,1
373,4,propose,提案する,拒否する,隠す,忘れる,1
374,4,recommend,推薦する,拒否する,隠す,批判する,1
375,4,request,依頼する,拒否する,命令する,隠す,1
376,4,require,必要とする,拒否する,隠す,忘れる,1
377,4,think,思う,忘れる,拒否する,隠す,1
378,4,dream,夢を見る,忘れる,拒否する,隠す,1
379,4,complain,不平を言う,感謝する,褒める,推薦する,1
380,4,sure,確信して,不安な,無関心な,退屈した,1
381,4,aware,気づいて,無関心な,忘れて,退屈した,1
382,4,conscious,意識している,眠っている,無関心な,退屈した,1
383,4,search,探す,隠す,失う,借りる,1
384,4,substitute,代わりに使う,保存する,隠す,拒否する,1
385,4,differ,異なる,似ている,一致する,保存する,1
386,4,depend,頼る,拒否する,避ける,失う,1
387,4,rely,頼る,拒否する,避ける,失う,1
388,4,insist,主張する,拒否する,隠す,忘れる,1
389,4,concentrate,集中する,分散する,忘れる,拒否する,1
390,4,distinguish,区別する,結合する,拒否する,混ぜる,1
391,4,devote,ささげる,拒否する,避ける,失う,1
392,4,spend,費やす,節約する,稼ぐ,借りる,1
393,4,congratulate,祝う,批判する,拒否する,叱る,1
394,4,suppose,思う/仮定する,忘れる,拒否する,隠す,1
395,4,sell,売る,買う,借りる,保存する,1
396,4,kill,殺す,助ける,守る,救う,1
397,4,lend,貸す,借りる,売る,買う,1
398,4,rent,賃借りする/貸す,買う,売る,保存する,1
399,4,borrow,借りる,貸す,売る,買う,1
400,4,match,合う,拒否する,失う,隠す,1
401,4,suit,合う,拒否する,失う,隠す,1
402,4,fit,合う,拒否する,失う,隠す,1
403,4,adopt,採用する,拒否する,捨てる,失う,1
404,4,adapt,適応する,拒否する,捨てる,失う,1
405,4,quality,質,量,価格,利益,1
406,4,quantity,量,質,利益,価格,1
407,4,affect,影響を与える,助ける,保存する,拒否する,1
408,4,effect,影響/効果,原因,結果なし,拒否,1
409,4,though,?だけれども,だから,そして,もし,1
410,4,through,?を通して,?なしで,?の前に,?の後で,1
411,4,thorough,徹底的な,表面的な,短い,弱い,1
412,4,desert,砂漠,デザート,森,海,1
413,4,dessert,デザート,砂漠,食事,飲み物,1
414,4,cooperation,協力,競争,対立,拒否,1
415,4,corporation,企業,学校,病院,政府,1
416,4,staff,職員,学生,顧客,観客,1
417,4,stuff,もの,人,場所,計画,1
418,4,college,大学,高校,会社,病院,1
419,4,colleague,同僚,顧客,観客,先生,1
420,4,converse,会話する,保存する,拒否する,隠す,1
421,4,conserve,保存する,会話する,拒否する,失う,1
422,4,interpret,通訳する/解釈する,拒否する,隠す,忘れる,1
423,4,interrupt,さえぎる,助ける,保存する,待つ,1
424,4,form,形作る,壊す,失う,拒否する,1
425,4,except,?を除いて,?を含めて,?を通じて,?に反対して,1
426,4,lessen,少なくする,増やす,保存する,拡大する,1
427,4,lean,寄りかかる,押す,引く,落ちる,1
428,4,respectful,敬意を持っていて,失礼な,怠惰な,悲観的な,1
542,5,important,重要な,無意味な,危険な,小さい,1
543,5,essential,不可欠の,不要な,危険な,小さい,1
544,5,significant,重要な,些細な,無意味な,危険な,1
545,5,fundamental,基本的な,応用的な,危険な,一時的な,1
546,5,vital,生命の/重要な,無意味な,危険な,一時的な,1
547,5,central,中心的な,周辺の,危険な,一時的な,1
548,5,lead,導く,従う,避ける,失う,1
549,5,cause,引き起こす,防ぐ,避ける,失う,1
550,5,factor,要因,結果,解決策,意見,1
551,5,anxious,心配して,安心して,喜んで,退屈して,1
552,5,cry,泣く,笑う,怒る,眠る,1
553,5,despair,絶望,希望,成功,喜び,1
554,5,grief,深い悲しみ,喜び,怒り,安心,1
555,5,sentimental,感情に影響されやすい,冷静な,合理的な,無関心な,1
556,5,miserable,みじめな,幸せな,裕福な,健康な,1
557,5,coward,臆病者,勇敢な人,英雄,指導者,1
558,5,uneasy,不安な,安心した,幸せな,元気な,1
559,5,worry,心配する,安心する,忘れる,笑う,1
560,5,mad,怒って/狂って,穏やかな,幸せな,静かな,1
561,5,tremble,震える,笑う,走る,眠る,1
562,5,ugly,醜い,美しい,優しい,静かな,1
563,5,panic,あわてる/パニック,落ち着く,安心する,笑う,1
564,5,yell,叫ぶ,ささやく,黙る,笑う,1
565,5,disturb,邪魔する,助ける,守る,改善する,1
566,5,bother,悩ます,助ける,喜ばせる,守る,1
567,5,dull,退屈な,面白い,刺激的な,活発な,1
568,5,idle,怠けた,勤勉な,活発な,有能な,1
569,5,negative,否定的な,肯定的な,楽観的な,活発な,1
570,5,pessimistic,悲観的な,楽観的な,肯定的な,活発な,1
571,5,positive,前向きな,否定的な,悲観的な,無関心な,1
572,5,optimistic,楽観的な,悲観的な,否定的な,無関心な,1
573,5,courage,勇気,恐怖,失敗,悲しみ,1
574,5,glory,栄光,失敗,悲しみ,危険,1
575,5,intimate,親密な,遠い,冷たい,危険な,1
576,5,loyal,忠実な,裏切りの,冷たい,危険な,1
577,5,modest,謙虚な,傲慢な,危険な,無関心な,1
578,5,pure,純粋な,汚れた,危険な,弱い,1
579,5,incredible,信じられない,普通の,退屈な,弱い,1
580,5,quiet,静かな,騒がしい,危険な,忙しい,1
581,5,mental,精神の,身体の,物質的な,一時的な,1
582,5,occur,起こる,止まる,消える,失う,1
583,5,suddenly,突然に,ゆっくり,徐々に,静かに,1
584,5,fortune,財産/幸運,不運,失敗,悲しみ,1
585,6,political,政治の,経済の,文化の,教育の,1
586,6,policy,政策/方針,事故,文化,法律,1
587,6,govern,支配する,従う,反対する,逃げる,1
588,6,government,政府,企業,学校,病院,1
589,6,minister,大臣,市長,教師,医者,1
590,6,mayor,市長,大臣,教師,医者,1
591,6,democracy,民主主義,独裁,戦争,法律,1
592,6,majority,多数派,少数派,国民,政府,1
593,6,minority,少数派,多数派,国民,政府,1
594,6,conservative,保守的な,革新的な,危険な,無関心な,1
595,6,human rights,人権,義務,法律,税金,1
596,6,economy,経済,文化,教育,法律,1
597,6,financial,財政の,文化的な,教育的な,危険な,1
598,6,consume,消費する,保存する,破壊する,輸出する,1
599,6,trade,貿易/取引,戦争,文化,教育,1
600,6,aid,援助する,攻撃する,拒否する,無視する,1
601,6,proper,適切な,不適切な,危険な,無意味な,1
602,6,income,収入,支出,借金,税金,1
603,6,outgo,支出,収入,利益,税金,1
604,6,expenditure,支出,収入,利益,税金,1
605,6,value,価値,価格,損失,無意味,1
606,6,stock,株式/在庫,借金,税金,給与,1
607,6,exchange,交換する,保存する,拒否する,失う,1
608,6,profit,利益,損失,借金,税金,1
609,6,fund,資金,借金,税金,損失,1
610,6,bill,請求書/法案,契約,税金,利益,1
611,6,benefit,利益,損失,危険,事故,1
612,6,culture,文化,法律,経済,政治,1
613,6,cultural background,文化的背景,経済状況,政治制度,教育制度,1
614,6,civilization,文明,戦争,政府,教育,1
615,6,tradition,伝統,革命,法律,経済,1
616,6,custom,社会的習慣/税関,法律,教育,政府,1
617,6,diversity,多様性,単一性,危険,無意味,1
618,6,characterize,特徴づける,隠す,拒否する,失う,1
619,6,typical,典型的な,特殊な,危険な,無意味な,1
620,6,context,文脈/状況,結論,法律,結果,1
621,6,race,民族/人種,宗教,言語,文化,1
622,6,racism,人種差別,平等,文化,教育,1
623,6,ethnic,民族の,経済の,政治の,教育の,1
624,6,native,本来その土地の,外国の,危険な,珍しい,1
625,6,nationality,国籍,言語,宗教,文化,1
626,6,prejudice,先入観,平等,自由,文化,1
627,6,bias,先入観/偏見,公平さ,平等,自由,1
628,6,immigration,（外国からの）移住/入国,旅行,輸出,留学,1
629,6,migration,移住,旅行,輸出,留学,1
630,6,border,国境,都市,文化,宗教,1
631,6,internal,内部の,外部の,危険な,一時的な,1
632,6,identification,身元確認/身分証明,税金,利益,教育,1
633,6,complex,複雑な,単純な,危険な,無意味な,1
634,6,religion,宗教,法律,経済,文化,1
635,6,faith,信仰/信頼,疑い,法律,教育,1
636,6,legend,伝説,事実,法律,教育,1
637,6,predict,予測する,忘れる,拒否する,隠す,1
638,6,foresee,予想する,忘れる,拒否する,隠す,1
639,6,slave,奴隷,王,教師,医者,1
640,6,royal,王室の,庶民の,危険な,無意味な,1
641,6,hierarchy,階層,平等,自由,文化,1
642,6,language,言語,文化,宗教,法律,1
643,6,native language,母語,外国語,文化,宗教,1
644,6,mother tongue,母語,外国語,文化,宗教,1
645,6,linguist,言語学者,教師,医者,政治家,1
646,6,bilingual,バイリンガル,単一言語話者,危険な,無意味な,1
647,6,vocabulary,語彙,文法,発音,文化,1
648,6,translate,翻訳する,削除する,拒否する,隠す,1
649,6,derive,由来する,失う,拒否する,隠す,1
650,6,proverb,ことわざ,法律,小説,契約,1
651,6,dialect,方言,標準語,法律,文化,1
652,6,fluent,流ちょうな,不自由な,危険な,無意味な,1
653,6,Esperanto,エスペラント,英語,中国語,日本語,1
654,6,communicate,伝える/連絡する,隠す,拒否する,失う,1
655,6,express,表現する,隠す,拒否する,失う,1
656,6,chat,おしゃべりする,黙る,拒否する,失う,1
657,6,oral,口頭の,書面の,危険な,無意味な,1
658,6,verbal,言葉の,無言の,危険な,無意味な,1
659,6,nonverbal,言葉を用いない,言葉の,危険な,無意味な,1
660,6,tone,口調,沈黙,文化,法律,1
661,6,reaction,反応,無反応,拒否,失敗,1
662,6,react,反応する,無視する,拒否する,失う,1
663,6,response,反応,沈黙,拒否,失敗,1
664,6,respond,反応する,無視する,拒否する,失う,1
665,6,reflect,反映する,隠す,拒否する,失う,1
666,6,community,地域社会/共同体,政府,企業,学校,1
667,6,individual,個人の/個人,集団,政府,企業,1
668,6,behave,振る舞う,逃げる,拒否する,隠す,1
669,6,notice,気づく/注目する,無視する,失う,隠す,1
670,6,laugh,笑う,泣く,怒る,眠る,1
671,6,laughter,笑い,涙,怒り,沈黙,1
672,6,humor,ユーモア,怒り,悲しみ,沈黙,1
673,6,joke,冗談,事実,法律,契約,1
674,6,construct,建設する,破壊する,拒否する,失う,1
675,6,straight,まっすぐな,曲がった,危険な,複雑な,1
676,6,assist,手伝う,妨害する,拒否する,失う,1
677,6,respect,尊敬する,軽視する,拒否する,失う,1
678,6,quarrel,口論,協力,友情,沈黙,1
679,6,ignore,無視する,助ける,守る,聞く,1
680,6,create,創造する,破壊する,拒否する,失う,1
681,6,creative,創造的な,受動的な,危険な,無意味な,1
682,6,spiritual,精神的な,物質的な,危険な,一時的な,1
683,6,spirit,精神,肉体,法律,文化,1
684,6,inspiration,ひらめき,混乱,失敗,沈黙,1
685,6,inspire,やる気にさせる,落胆させる,拒否する,失う,1
686,,artist,芸術家,科学者,政治家,教師,1
687,7,society,社会,政府,企業,文化,1
688,7,social,社会の,個人的な,経済の,政治の,1
689,7,public,公衆/公共の,個人の,秘密の,家庭の,1
690,7,neighbor,近所の人,家族,先生,同僚,1
691,7,local,地域の,国際的な,個人的な,一時的な,1
692,7,resident,住民,旅行者,教師,患者,1
693,7,citizen,市民,旅行者,教師,観客,1
694,7,volunteer,ボランティア,政治家,教師,医者,1
695,7,welfare,福祉,利益,戦争,文化,1
696,7,aid,援助,攻撃,拒否,無視,1
697,7,charity,慈善,利益,税金,競争,1
698,7,crime,犯罪,正義,平和,教育,1
699,7,criminal,犯罪者/犯罪の,警察,裁判官,教師,1
700,7,violence,暴力,平和,教育,文化,1
701,7,murder,殺人,救助,教育,平和,1
702,7,steal,盗む,与える,貸す,助ける,1
703,7,robbery,強盗,寄付,援助,教育,1
704,7,victim,被害者,加害者,警察,教師,1
705,7,law,法律,犯罪,教育,文化,1
706,7,legal,法律上の,違法な,文化的な,危険な,1
707,7,illegal,違法な,合法な,安全な,文化的な,1
708,7,court,裁判所,学校,病院,市場,1
709,7,judge,裁判官,被告,教師,医者,1
710,7,lawyer,弁護士,裁判官,教師,警察,1
711,7,prison,刑務所,学校,病院,会社,1
712,7,arrest,逮捕する,釈放する,助ける,守る,1
713,7,punishment,罰,報酬,利益,自由,1
714,7,fine,罰金,給料,利益,税金,1
715,7,safety,安全,危険,事故,犯罪,1
716,7,danger,危険,安全,平和,利益,1
717,7,protect,守る,攻撃する,無視する,拒否する,1
718,7,rescue,救助する,攻撃する,拒否する,無視する,1
719,7,emergency,緊急事態,日常,教育,文化,1
720,7,accident,事故,成功,利益,平和,1
721,7,medical,医療の,教育の,政治の,文化の,1
722,7,medicine,薬,毒,食料,教育,1
723,7,patient,患者/忍耐強い,医者,教師,観客,1
724,7,disease,病気,健康,利益,教育,1
725,7,illness,病気,健康,利益,教育,1
726,7,symptom,症状,治療,利益,教育,1
727,7,treat,治療する,攻撃する,拒否する,無視する,1
728,7,cure,治療する,悪化させる,拒否する,無視する,1
729,7,recover,回復する,悪化する,拒否する,失う,1
730,7,operation,手術,授業,会議,利益,1
731,7,nurse,看護師,患者,教師,裁判官,1
732,7,environment,環境,文化,法律,利益,1
733,7,nature,自然,文化,法律,利益,1
734,7,pollution,汚染,清潔,教育,利益,1
735,7,pollute,汚染する,きれいにする,守る,改善する,1
736,7,global warming,地球温暖化,氷河期,教育改革,経済危機,1
737,7,climate,気候,文化,法律,利益,1
738,7,energy,エネルギー,疲労,文化,教育,1
739,7,resource,資源,浪費,教育,文化,1
740,7,recycle,再利用する,捨てる,燃やす,失う,1
741,7,waste,浪費/ごみ,資源,利益,教育,1
742,7,technology,科学技術,文化,法律,教育,1
743,7,device,装置,人,法律,教育,1
744,7,invent,発明する,破壊する,拒否する,失う,1
745,7,invention,発明,破壊,事故,法律,1
746,7,discover,発見する,隠す,失う,拒否する,1
747,7,research,研究,休暇,利益,文化,1
748,7,scientist,科学者,芸術家,教師,政治家,1
749,7,experiment,実験,法律,文化,利益,1
750,7,media,マスメディア,法律,教育,文化,1
751,7,newspaper,新聞,雑誌,テレビ,ラジオ,1
752,7,magazine,雑誌,新聞,テレビ,ラジオ,1
753,7,article,記事,小説,法律,契約,1
754,7,press,報道機関,裁判所,学校,病院,1
755,7,journalist,記者,裁判官,教師,医者,1
756,7,interview,面接/インタビュー,講義,裁判,手術,1
757,7,report,報告する/報告,隠す,拒否する,失う,1
758,7,publish,出版する,削除する,拒否する,隠す,1
759,7,advertisement,広告,記事,法律,教育,1
760,7,commercial,商業の/CM,教育の,法律の,文化の,1
761,7,program,番組/計画,事故,犯罪,教育,1
762,7,broadcast,放送する,削除する,隠す,拒否する,1
763,8,site,場所/用地,文化,法律,利益,1
764,8,frontier,最前線/未開地,中心,文化,法律,1
765,8,division,分割/部門,結合,文化,法律,1
766,8,continent,大陸,島,都市,海,1
767,8,broad,広い,狭い,深い,短い,1
768,8,coast,海岸,山,砂漠,都市,1
769,8,empty,空の,満ちた,狭い,深い,1
770,8,digest,消化する,吸収する,破壊する,拒否する,1
771,8,brush,ブラシ/磨く,削る,壊す,拒否する,1
772,8,sink,沈む,浮く,止まる,走る,1
773,8,alcohol,アルコール,水,空気,油,1
774,8,bitter,苦い,甘い,辛い,酸っぱい,1
775,8,domestic,国内の/家庭の,海外の,危険な,無意味な,1
776,8,violence,暴力,平和,教育,文化,1
777,8,violent,暴力的な,穏やかな,静かな,安全な,1
778,8,divorce,離婚,結婚,契約,教育,1
779,8,similar,似ている,異なる,壊れる,失う,1
780,8,surname,姓,名前,職業,住所,1
781,8,childcare,育児,教育,医療,文化,1
782,8,relative,親戚,友人,同僚,教師,1
783,8,transport,輸送する,保存する,拒否する,失う,1
784,8,vehicle,乗り物,建物,文化,法律,1
785,8,subway,地下鉄,バス,飛行機,船,1
786,8,license,免許,罰金,契約,教育,1
787,8,delay,遅らせる,進める,止める,拒否する,1
788,8,announce,発表する,隠す,拒否する,失う,1
789,8,source,源,結果,文化,法律,1
790,8,truth,真実,嘘,文化,法律,1
791,8,fake,偽物,本物,文化,法律,1
792,8,scientific,科学の,文化の,法律の,教育の,1
793,8,experiment,実験,教育,文化,法律,1
794,8,material,材料,完成品,文化,法律,1
795,8,substance,物質,精神,文化,法律,1
796,8,liquid,液体,固体,気体,文化,1
797,8,burn,燃える,凍る,壊れる,止まる,1
798,8,boil,沸騰する,凍る,冷える,止まる,1
799,8,freeze,凍る,燃える,沸騰する,止まる,1
800,8,environment,環境,文化,法律,利益,1
801,8,protect,守る,攻撃する,拒否する,無視する,1
802,8,protection,保護,攻撃,拒否,無視,1
803,8,pollution,汚染,清潔,文化,法律,1
804,8,plant,植物,動物,鉱物,文化,1
805,8,pick,摘む,捨てる,壊す,拒否する,1
806,8,global,地球規模の,地域の,個人的な,一時的な,1
807,8,globe,地球,月,火星,太陽,1
808,8,oxygen,酸素,二酸化炭素,水素,窒素,1
809,8,carbon dioxide,二酸化炭素,酸素,水素,窒素,1
810,8,absorb,吸収する,放出する,拒否する,失う,1
811,8,pole,極,中心,文化,法律,1
812,8,collect,集める,捨てる,壊す,拒否する,1
813,8,garbage,ごみ,資源,利益,文化,1
814,8,trash,ごみ,資源,利益,文化,1
815,8,waste,浪費/廃棄物,資源,利益,文化,1
816,8,wasteful,無駄な,効率的な,安全な,文化的な,1
817,8,energy,エネルギー,疲労,文化,教育,1
818,8,resource,資源,浪費,文化,法律,1
819,8,fuel,燃料,水,空気,文化,1
820,8,fossil,化石,未来物質,文化,法律,1
821,8,shortage,不足,過剰,文化,法律,1
822,8,solar,太陽の,月の,地球の,星の,1
823,8,radiation,放射線,光,音,文化,1
824,8,ecology,生態学,経済学,心理学,文化,1
825,8,eco-friendly,環境に優しい,有害な,危険な,無意味な,1
826,8,reduce,減らす,増やす,止める,拒否する,1
827,8,reuse,再利用する,捨てる,壊す,拒否する,1
828,8,recycle,再利用する,捨てる,壊す,拒否する,1
829,8,phenomenon,現象,原因,結果,文化,1
830,8,scene,場面,結果,原因,文化,1
831,8,shine,輝く,消える,壊れる,止まる,1
832,8,disaster,災害,成功,利益,文化,1
833,8,typhoon,台風,地震,火山,洪水,1
834,8,earthquake,地震,台風,火山,洪水,1
835,8,cultivate,耕す,破壊する,拒否する,失う,1
836,8,temperature,気温,湿度,文化,法律,1
837,8,climate,気候,文化,法律,利益,1
838,8,mild,穏やかな,激しい,危険な,無意味な,1
839,8,tropical,熱帯の,寒帯の,温帯の,危険な,1
840,8,acid rain,酸性雨,普通の雨,雪,霧,1
841,8,universe,宇宙,地球,月,文化,1
842,8,atmosphere,大気,水,地面,文化,1
843,8,explore,探検する,隠す,拒否する,失う,1
844,8,gravity,重力,光,音,文化,1
845,8,revolve,回転する,止まる,壊れる,消える,1
846,8,revolution,回転/革命,停止,文化,法律,1
847,8,involve,含む,除く,拒否する,失う,1
848,8,mystery,謎,事実,文化,法律,1
849,8,remove,取り除く,加える,拒否する,失う,1
850,8,removal,除去,追加,文化,法律,1
851,8,spacecraft,宇宙船,飛行機,船,車,1
852,8,astronaut,宇宙飛行士,科学者,教師,医者,1
853,8,astronomer,天文学者,科学者,教師,医者,1
854,8,Mars,火星,地球,金星,月,1
779,9,origin,起源,結果,未来,制度,1
780,9,ancestor,祖先,子孫,友人,教師,1
781,9,human,人間,動物,植物,機械,1
782,9,humanity,人類/人間性,動物界,機械化,制度,1
783,9,species,種,文化,制度,民族,1
784,9,instinct,本能,理性,制度,教育,1
785,9,wild,野生の,安全な,穏やかな,家庭の,1
786,9,rare,珍しい,一般的な,頻繁な,普通の,1
787,9,bull,雄牛,羊,馬,犬,1
788,9,cow,雌牛,馬,犬,猫,1
789,9,cattle,牛,羊,犬,猫,1
790,9,insect,昆虫,鳥,魚,植物,1
791,9,mosquito,蚊,蝶,鳥,犬,1
792,9,dolphin,イルカ,サメ,犬,猫,1
793,9,mammal,哺乳類,昆虫,魚,植物,1
794,9,pinpoint,正確に示す,隠す,破壊する,拒否する,1
795,9,tail,しっぽ,頭,羽,足,1
796,9,medical,医療の,教育の,政治の,文化の,1
797,9,medicine,薬,毒,武器,教育,1
798,9,medication,薬,食料,文化,法律,1
799,9,treatment,治療,破壊,拒否,無視,1
800,9,therapy,治療,攻撃,破壊,拒否,1
801,9,heal,治す,壊す,失う,拒否する,1
802,9,tablet,錠剤/タブレット,注射,手術,食事,1
803,9,virus,ウイルス,細菌,薬,食料,1
804,9,vaccine,ワクチン,毒,病気,手術,1
805,9,physical,身体の,精神の,文化の,法律の,1
806,9,physician,医師,看護師,教師,弁護士,1
807,9,surgeon,外科医,教師,弁護士,看護師,1
808,9,aunt,おば,叔父,姉,妹,1
809,9,gauge,計器/尺度,武器,制度,文化,1
810,9,exact,正確な,曖昧な,不明確な,危険な,1
811,9,experience,経験,理論,制度,文化,1
812,9,bury,埋める,掘る,壊す,隠す,1
813,9,worm,虫,鳥,魚,植物,1
814,9,earn,稼ぐ,失う,借りる,壊す,1
815,9,earth,地球,火星,月,太陽,1
816,9,heart,心臓/心,脳,肺,胃,1
817,9,beard,あごひげ,髪,眉毛,爪,1
818,9,dear,親愛なる,冷たい,危険な,無関心な,1
819,9,tear,涙,笑顔,怒り,喜び,1
820,9,crew,乗組員,乗客,観客,教師,1
821,9,sour,酸っぱい,甘い,苦い,辛い,1
822,9,cough,せき,笑い,睡眠,食事,1
823,9,guard,警備員/守る,泥棒,教師,医者,1
824,9,regular,定期的な,不規則な,危険な,珍しい,1
825,9,wrap,包む,開く,壊す,捨てる,1
826,9,column,柱/コラム,壁,床,屋根,1
827,9,debt,借金,利益,給料,貯金,1
828,9,bath,入浴,睡眠,食事,運動,1
829,9,bathe,入浴する,食べる,壊す,拒否する,1
830,9,breath,呼吸,睡眠,食事,怒り,1
831,9,breathe,呼吸する,停止する,壊す,拒否する,1
832,9,smooth,滑らかな,粗い,硬い,危険な,1
833,9,method,方法,結果,制度,文化,1
834,9,mathematics,数学,科学,歴史,芸術,1
835,9,arithmetic,算数,歴史,文学,芸術,1
836,9,chill,寒気,熱気,喜び,怒り,1
837,9,chore,雑用,休暇,旅行,祝日,1
838,9,chimney,煙突,窓,床,壁,1
839,9,cheer,元気づける,落胆させる,拒否する,壊す,1
840,9,chase,追いかける,逃げる,止まる,壊す,1
841,9,chew,かむ,飲む,捨てる,壊す,1
842,9,chorus,合唱,独奏,演説,会議,1
843,9,scholar,学者,医者,教師,弁護士,1
844,9,psychology,心理学,物理学,数学,経済学,1
845,9,orchestra,オーケストラ,映画,演劇,会議,1
846,9,loose,ゆるい,固い,狭い,危険な,1
847,9,precise,正確な,曖昧な,危険な,珍しい,1
848,9,possess,所有する,失う,壊す,拒否する,1
849,9,scissors,はさみ,ナイフ,ペン,鉛筆,1
850,9,muscle,筋肉,骨,血液,神経,1
851,9,pressure,圧力,自由,平和,文化,1
852,9,passion,情熱,無関心,退屈,恐怖,1
853,9,mission,使命,失敗,事故,制度,1
854,9,leisure,余暇,仕事,義務,危険,1
855,9,casual,何気ない/カジュアルな,正式な,危険な,珍しい,1
856,9,vision,視力/未来像,聴覚,記憶,制度,1
857,9,visual,視覚の,聴覚の,危険な,珍しい,1
858,9,import,輸入する,輸出する,拒否する,失う,1
859,9,export,輸出する,輸入する,拒否する,失う,1
860,9,conduct,行う/導く,停止する,拒否する,失う,1
861,9,produce,生産する,破壊する,失う,拒否する,1
862,9,protest,抗議する,賛成する,拒否する,失う,1
863,9,project,計画,事故,制度,文化,1
864,9,challenge,挑戦,失敗,事故,制度,1
865,9,challenging,やりがいのある,簡単な,危険な,無意味な,1
866,9,interview,面接,試験,会議,授業,1
867,9,comment,コメント,沈黙,拒否,失敗,1
868,9,support,支援する,妨害する,拒否する,失う,1
869,9,exit,出口,入口,窓,壁,1
870,9,display,展示する,隠す,拒否する,失う,1
871,9,calendar,カレンダー,時計,地図,辞書,1
872,9,European,ヨーロッパの,?洲の,アフリカの,南米の,1
873,9,violin,バイオリン,ピアノ,ギター,太鼓,1
874,9,kangaroo,カンガルー,ライオン,犬,猫,1
875,9,volunteer,ボランティア,政治家,教師,医者,1
876,9,umbrella,傘,帽子,靴,手袋,1
877,9,racket,ラケット,ボール,ネット,靴,1
878,9,coffee,コーヒー,紅茶,水,牛乳,1
879,9,pattern,パターン,事故,制度,文化,1
880,9,volume,量/巻,重量,高さ,距離,1
881,9,standard,基準,例外,事故,文化,1
882,9,modern,現代の,古代の,危険な,珍しい,1
883,9,private,個人的な,公共の,危険な,珍しい,1
884,9,career,職業/経歴,趣味,事故,文化,1
885,9,elite,エリート,初心者,失敗者,観客,1
886,9,technique,技術,失敗,事故,文化,1
887,9,technology,科学技術,文化,法律,教育,1
888,9,remote,遠く離れた,近い,危険な,珍しい,1
889,9,barometer,気圧計,温度計,時計,辞書,1
890,9,ceremony,式典,事故,戦争,授業,1
891,9,horizon,地平線,山頂,海底,森林,1
892,9,accept,受け入れる,拒否する,失う,壊す,1
893,9,acceptance,受け入れ,拒否,失敗,事故,1
894,9,destroy,破壊する,守る,助ける,保存する,1
895,9,committee,委員会,会社,学校,病院,1
896,9,surface,表面,内部,中心,底,1
897,9,routine,日課,休暇,事故,祭り,1
898,9,severe,厳しい,優しい,穏やかな,安全な,1
899,9,canal,運河,山,森,砂漠,1
900,9,absurd,ばかげた,合理的な,普通の,危険な,1
901,9,descendant,子孫,祖先,友人,教師,1
902,9,advertisement,広告,記事,法律,教育,1
903,9,marvelous,素晴らしい,ひどい,危険な,普通の,1
904,9,product,製品,事故,文化,制度,1
905,9,release,発売する,隠す,拒否する,失う,1
906,9,purchase,購入する,売る,捨てる,失う,1
907,9,target,対象,結果,事故,文化,1
908,9,mark,印/点数,空白,事故,文化,1
909,9,promote,促進する,妨害する,拒否する,失う,1
910,9,market,市場,学校,病院,裁判所,1
911,9,priceless,非常に貴重な,安い,普通の,危険な,1
912,9,triangle,三角形,四角形,円,直線,1
913,10,fashion,流行/方法,法律,事故,文化,1
914,10,air,空気/雰囲気,水,地面,火,1
915,10,attention,注意,無視,睡眠,休暇,1
916,10,fruit,果物/成果,野菜,肉,飲み物,1
917,10,fast,速い/断食する,遅い,休む,食べる,1
918,10,gift,贈り物/才能,借金,罰,義務,1
919,10,just,ちょうど/公平な,不公平な,遅い,危険な,1
920,10,life,人生/生命,死,事故,制度,1
921,10,people,人々/国民,動物,機械,植物,1
922,10,place,場所/置く,壊す,失う,拒否する,1
923,10,point,点/要点,面,事故,制度,1
924,10,stage,舞台/段階,観客,事故,制度,1
925,10,room,部屋/余地,屋根,壁,床,1
926,10,story,物語/階,詩,事故,制度,1
927,10,patient,患者/忍耐強い,医者,教師,弁護士,1
928,10,pay,支払う/値する,受け取る,壊す,拒否する,1
929,10,time,時間/回数,空間,事故,制度,1
930,10,back,背中/戻る,前,横,停止する,1
931,10,being,存在/生物,機械,制度,文化,1
932,10,break,壊す/休憩,作る,続ける,守る,1
933,10,bar,棒/酒場,学校,病院,市場,1
934,10,case,場合/事件,結果,事故,制度,1
935,10,content,内容/満足した,空白,事故,制度,1
936,10,end,終わり/目的,始まり,事故,制度,1
937,10,fair,公平な/かなりの,不公平な,危険な,珍しい,1
938,10,forward,前方へ/促進する,後退する,停止する,拒否する,1
939,10,game,ゲーム/獲物,映画,事故,制度,1
940,10,key,鍵/重要な,扉,窓,壁,1
941,10,last,最後の/続く,最初の,停止する,失う,1
942,10,reason,理由/理性,感情,事故,制度,1
943,10,rest,休息/残り,仕事,全部,開始,1
944,10,soul,魂/人,機械,制度,文化,1
945,10,spring,春/跳ぶ/泉,冬,夏,秋,1
946,10,store,店/蓄える,壊す,失う,拒否する,1
947,10,swallow,飲み込む/ツバメ,吐く,壊す,拒否する,1
948,10,meet,会う/満たす,避ける,壊す,拒否する,1
949,10,nature,自然/性質,制度,法律,文化,1
950,10,natural,自然の/当然の,人工的な,危険な,珍しい,1
951,10,note,メモ/気づく,忘れる,壊す,拒否する,1
952,10,odd,奇妙な/奇数の,普通の,偶数の,安全な,1
953,10,train,列車/訓練する,飛行機,停止する,拒否する,1
954,10,word,言葉/約束,沈黙,事故,制度,1
955,10,hand,手/渡す,足,頭,壊す,1
956,10,rock,岩/揺らす,水,木,空気,1
957,10,company,会社/仲間,学校,病院,裁判所,1
958,10,control,支配する/管理,放置する,拒否する,失う,1
959,10,fine,元気な/罰金,病気,失敗,事故,1
960,10,period,期間/句点,空間,事故,制度,1
961,10,realize,気づく/実現する,忘れる,壊す,拒否する,1
962,10,run,走る/経営する,止まる,壊す,拒否する,1
963,10,service,サービス/勤務,失礼,事故,制度,1
964,10,party,政党/パーティー,学校,病院,裁判所,1
965,10,way,方法/道,壁,事故,制度,1
966,10,work,働く/作品,休む,壊す,拒否する,1
967,10,arrange,整える/取り決める,壊す,拒否する,失う,1
968,10,direction,方向/指示,停止,事故,制度,1
969,10,cover,覆う/取材する,開く,壊す,拒否する,1
970,10,sense,感覚/意味,無感覚,事故,制度,1
971,10,sign,印/兆候/署名,空白,事故,制度,1
972,10,survive,生き残る,消える,壊す,拒否する,1
973,10,maintain,維持する/主張する,壊す,拒否する,失う,1
974,10,matter,問題/重要である,無意味,事故,制度,1
975,10,observe,観察する/守る,無視する,壊す,拒否する,1
976,10,term,期間/用語,瞬間,事故,制度,1
977,10,capital,首都/資本/大文字,地方,事故,制度,1
978,10,charge,請求する/充電する,無料にする,壊す,拒否する,1
979,10,state,州/状態/述べる,都市,事故,制度,1
980,10,line,列/線/セリフ,点,事故,制度,1
981,10,manner,方法/態度,事故,制度,文化,1
982,10,minute,分/非常に小さい,時間停止,巨大な,危険な,1
983,10,order,注文/順序/命令,混乱,事故,制度,1
984,11,onion,玉ねぎ,にんじん,じゃがいも,トマト,1
985,11,oven,オーブン,冷蔵庫,電子レンジ,皿,1
986,11,glove,手袋,帽子,靴,靴下,1
987,11,dozen,12個,10個,20個,100個,1
988,11,comfort,快適さ/慰める,苦痛,怒り,不安,1
989,11,image,イメージ,歯,耳,鼻,1
990,11,tunnel,トンネル,橋,道路,駅,1
991,11,woman,女性,男性,子供,教師,1
992,11,wool,羊毛,綿,絹,革,1
993,11,hood,フード/覆い,靴,帽子,手袋,1
994,11,major,主要な/専攻する,小さい,無意味な,危険な,1
995,11,ancient,古代の,現代の,未来の,危険な,1
996,11,Asia,アジア,ヨーロッパ,アフリカ,南米,1
997,11,great,偉大な,小さい,弱い,危険な,1
998,11,steak,ステーキ,魚,野菜,果物,1
999,11,apron,エプロン,帽子,靴,手袋,1
1000,11,ghost,幽霊,人間,動物,機械,1
1001,11,guide,案内する/案内人,迷わせる,拒否する,失う,1
1002,11,height,高さ,重さ,幅,長さ,1
1003,11,FALSE,誤った,正しい,危険な,珍しい,1
1004,11,daughter,娘,息子,母,父,1
1005,11,son,息子,娘,父,母,1
1006,11,front,前,後ろ,横,下,1
1007,11,tongue,舌/言語,歯,耳,鼻,1
1008,11,wonder,驚く/驚異,無関心,失望,退屈,1
1009,11,dove,ハト,カラス,犬,猫,1
1010,11,other,他の,同じ,唯一の,危険な,1
1011,11,blood,血,水,汗,涙,1
1012,11,flood,洪水,干ばつ,火災,地震,1
1013,11,breakfast,朝食,昼食,夕食,間食,1
1014,11,sweat,汗,涙,血,水,1
1015,11,sweater,セーター,Tシャツ,靴,帽子,1
1016,11,head,頭,足,腕,手,1
1017,11,weather,天気,季節,温度,気候,1
1018,11,heaven,天国,地獄,地球,宇宙,1
1019,11,death,死,命,健康,誕生,1
1020,11,health,健康,病気,事故,危険,1
1021,11,treasure,宝物,ごみ,石,道具,1
1022,11,weapon,武器,道具,本,家具,1
1023,11,threat,脅威,安全,平和,利益,1
1024,11,pleasure,喜び,悲しみ,怒り,苦痛,1
1025,11,pleasant,楽しい,退屈な,危険な,悲しい,1
1026,11,feather,羽,石,木,鉄,1
1027,11,jealous,嫉妬して,満足して,冷静で,無関心で,1
1028,11,breast,胸,背中,腕,足,1
1029,11,leather,革,紙,木,鉄,1
1030,11,drown,溺れる,泳ぐ,飛ぶ,歩く,1
1031,11,crowd,群衆,個人,教師,患者,1
1032,11,owl,フクロウ,ハト,犬,猫,1
1033,11,brow,眉,目,鼻,耳,1
1034,11,bowl,ボウル,皿,コップ,鍋,1
1035,11,blow,吹く,吸う,壊す,投げる,1
1036,11,crow,カラス,ハト,犬,猫,1
1037,11,row,列/こぐ,点,面,停止,1
1038,11,tough,たくましい/難しい,弱い,簡単な,柔らかい,1
1039,11,sigh,ため息をつく,笑う,叫ぶ,走る,1
1040,11,trouble,問題/困らせる,解決,平和,利益,1
1041,11,cousin,いとこ,兄弟,親,祖父母,1
1042,11,laundry,洗濯物,料理,掃除,宿題,1
1043,11,aunt,おば,叔父,母,姉,1
1044,11,gauge,計器/尺度,武器,机,家具,1
1045,11,exact,正確な,曖昧な,危険な,珍しい,1
1046,11,experience,経験,理論,制度,文化,1
1047,11,bury,埋める,掘る,壊す,拒否する,1
1048,11,worm,虫,鳥,魚,植物,1
1049,11,earn,稼ぐ,失う,壊す,拒否する,1
1050,11,earth,地球,火星,月,太陽,1
1051,11,heart,心臓/心,脳,肺,胃,1
1052,11,beard,あごひげ,髪,耳,鼻,1
1053,11,dear,親愛なる,冷たい,危険な,無関心な,1
1054,11,tear,涙,笑顔,怒り,喜び,1
1055,11,crew,乗組員,乗客,観客,教師,1
1056,11,regular,定期的な,不規則な,危険な,珍しい,1
1057,11,method,方法,結果,制度,文化,1
1058,11,mathematics,数学,歴史,文学,芸術,1
1059,11,arithmetic,算数,歴史,文学,芸術,1
1060,11,chill,寒気,熱気,喜び,怒り,1
1061,11,chore,雑用,休暇,旅行,祭り,1
1062,11,chimney,煙突,窓,床,壁,1
1063,11,cheer,元気づける,落胆させる,拒否する,壊す,1
1064,11,chase,追いかける,逃げる,止まる,壊す,1
1065,11,chew,かむ,飲む,捨てる,壊す,1
1066,11,chorus,合唱,独奏,演説,会議,1
1067,11,scholar,学者,教師,医者,弁護士,1
1068,11,psychology,心理学,物理学,数学,経済学,1
1069,11,orchestra,オーケストラ,映画,演劇,会議,1
1070,11,loose,ゆるい,固い,狭い,危険な,1
1071,11,precise,正確な,曖昧な,危険な,珍しい,1
1072,11,possess,所有する,失う,壊す,拒否する,1
1073,11,scissors,はさみ,ナイフ,ペン,鉛筆,1
1074,11,muscle,筋肉,骨,血液,神経,1
1075,11,pressure,圧力,自由,平和,文化,1
1076,11,passion,情熱,無関心,退屈,恐怖,1
1077,11,mission,使命,失敗,事故,制度,1
1078,11,leisure,余暇,仕事,義務,危険,1
1079,11,descendant,子孫,祖先,友人,教師,1
1080,12,advertisement,広告,記事,法律,契約,1
1081,12,marvelous,素晴らしい,ひどい,危険な,普通の,1
1082,12,product,製品,事故,文化,制度,1
1083,12,release,発売する,隠す,拒否する,失う,1
1084,12,purchase,購入する,売る,捨てる,失う,1
1085,12,target,対象,結果,事故,文化,1
1086,12,mark,印/点数,空白,事故,文化,1
1087,12,promote,促進する,妨害する,拒否する,失う,1
1088,12,market,市場,学校,病院,裁判所,1
1089,12,priceless,非常に貴重な,安い,普通の,危険な,1
1090,12,shave,ひげをそる,洗う,切る,磨く,1
1091,12,hang,掛ける,落とす,壊す,隠す,1
1092,12,shut,閉める,開ける,壊す,失う,1
1093,12,plug,栓/差し込む,抜く,壊す,隠す,1
1094,12,tie,結ぶ,切る,壊す,隠す,1
1095,12,polish,磨く,汚す,壊す,捨てる,1
1096,12,hide,隠れる/隠す,見せる,公開する,失う,1
1097,12,adjust,調整する,壊す,拒否する,失う,1
1098,12,occupy,占める,空ける,失う,拒否する,1
1099,12,sight,視力/光景,聴覚,記憶,制度,1
1100,12,choose,選ぶ,捨てる,拒否する,失う,1
1101,12,select,選ぶ,捨てる,拒否する,失う,1
1102,12,option,選択肢,義務,命令,禁止,1
1103,12,obtain,得る,失う,壊す,拒否する,1
1104,12,gain,得る/増やす,失う,減らす,壊す,1
1105,12,repair,修理する,壊す,捨てる,失う,1
1106,12,fix,修理する/固定する,壊す,捨てる,失う,1
1107,12,reality,現実,幻想,夢,空想,1
1108,12,actual,実際の,架空の,危険な,珍しい,1
1109,12,illusion,幻想,現実,事実,制度,1
1110,12,fantasy,空想,現実,事実,制度,1
1111,12,fault,欠点/責任,長所,成功,利益,1
1112,12,responsibility,責任,自由,利益,事故,1
1113,12,wake,起こす/目覚める,眠る,失う,壊す,1
1114,12,feet,足（複数）,手,頭,腕,1
1115,12,heavy,重い,軽い,小さい,弱い,1
1116,12,peel,皮をむく,切る,洗う,焼く,1
1117,12,paint,塗る/絵の具,消す,壊す,捨てる,1
1118,12,clean,きれいにする,汚す,壊す,捨てる,1
1119,12,wash,洗う,汚す,壊す,捨てる,1
1120,12,hungry,空腹な,満腹な,眠い,元気な,1
1121,12,careful,注意深い,不注意な,危険な,怠惰な,1
1122,12,counsel,助言,命令,拒否,批判,1
1123,12,counselor,助言者/カウンセラー,医者,教師,警察,1
1124,12,gymnasium,体育館,図書館,病院,市場,1
1125,12,academic,学問の,実用的な,危険な,珍しい,1
1126,12,clerk,店員/事務員,社長,教師,医者,1
1127,12,manager,管理者,店員,教師,患者,1
1128,12,reporter,記者,裁判官,教師,医者,1
1129,12,coach,コーチ,選手,教師,医者,1
1130,12,chef,シェフ,店員,教師,医者,1
1131,12,florist,花屋,農家,教師,医者,1
1132,12,Picasso,ピカソ,科学者,政治家,教師,1
1133,12,Van Gogh,ゴッホ,科学者,政治家,教師,1
1134,12,win,勝つ,負ける,失う,拒否する,1
1135,12,Nobel Prize,ノーベル賞,オリンピック,賞金,税金,1
1136,12,elect,選ぶ,拒否する,失う,壊す,1
1137,12,election,選挙,授業,戦争,事故,1
1138,12,vote,投票する,拒否する,失う,壊す,1
1139,12,poll,世論調査/投票,授業,事故,戦争,1
1140,12,trend,傾向,停止,事故,制度,1
1141,12,current,現在の,過去の,未来の,危険な,1
1142,12,appeal,訴える/魅力,拒否する,失う,壊す,1
1143,12,dirty,汚い,きれいな,安全な,珍しい,1
1144,12,candidate,候補者,観客,教師,患者,1
1145,12,poor,貧しい,裕福な,安全な,珍しい,1
1146,12,poverty,貧困,富,利益,成功,1
1147,12,starve,飢える,満腹になる,失う,壊す,1
1148,12,hunger,飢え,満腹,利益,安全,1
1149,12,drink,飲む,食べる,壊す,捨てる,1
1150,12,drunk,酔った,冷静な,安全な,珍しい,1
1151,12,missing,行方不明の/不足している,存在する,安全な,普通の,1
1152,12,develop,発達する/開発する,停止する,壊す,失う,1
1153,12,foreign,外国の,国内の,安全な,珍しい,1
1154,12,security,安全/警備,危険,事故,失敗,1
1155,12,secure,安全な/確保する,危険な,失う,拒否する,1
1156,12,terrorism,テロ行為,平和活動,教育,文化,1
1157,12,crisis,危機,安全,成功,利益,1
1158,12,caution,注意,無関心,失敗,利益,1
1159,12,crime,犯罪,正義,平和,教育,1
1160,12,thief,泥棒,警察,教師,医者,1
1161,12,prison,刑務所,学校,病院,市場,1
1162,12,penalty,罰,報酬,利益,自由,1
1163,12,guilty,有罪の,無罪の,安全な,普通の,1
1164,12,burglar,泥棒,警察,教師,医者,1
1165,13,favorite,お気に入りの,嫌いな,普通の,危険な,1
1166,13,spare,予備の/空いている,不足した,危険な,壊れた,1
1167,13,fond,好きで,嫌いで,冷たい,危険な,1
1168,13,hobby,趣味,仕事,義務,試験,1
1169,13,knit,編む,切る,描く,洗う,1
1170,13,charismatic,カリスマ性のある,退屈な,危険な,普通の,1
1171,13,hairdresser,美容師,医者,教師,警察,1
1172,13,fan,ファン,敵,観客,選手,1
1173,13,fanatic,熱狂的な人,観客,教師,医者,1
1174,13,fun,楽しみ,悲しみ,怒り,危険,1
1175,13,introduce,紹介する,隠す,拒否する,失う,1
1176,13,instrument,器具/楽器,衣服,食べ物,建物,1
1177,13,particular,特定の,一般的な,危険な,普通の,1
1178,13,philosophy,哲学,数学,物理,芸術,1
1179,13,resident,住民,旅行者,教師,医者,1
1180,13,sort,分類する,混ぜる,壊す,失う,1
1181,13,like,?のような/好き,嫌い,拒否,危険,1
1182,13,do,十分である,不足する,壊す,失う,1
1183,13,excuse,言い訳,賞賛,利益,成功,1
1184,13,convenience,便利さ,不便,危険,損失,1
1185,13,moment,瞬間,永遠,危険,停止,1
1186,13,call,呼ぶ,無視する,失う,壊す,1
1187,13,again,再び,一度もない,停止,危険,1
1188,13,right,右/正しい,左,誤り,危険,1
1189,13,beg,頼む/物乞いする,拒否する,与える,失う,1
1190,13,beggar,乞食,王様,教師,医者,1
1191,13,serious,深刻な,軽い,安全な,普通の,1
1192,13,shame,恥,誇り,成功,利益,1
1193,13,pity,残念に思う,祝福する,賞賛する,無視する,1
1194,13,relief,安心/軽減,不安,危険,苦痛,1
1195,13,favor,親切/好意,敵意,拒否,危険,1
1196,13,frank,率直な,嘘つきの,危険な,普通の,1
1197,13,ride,乗る,降りる,歩く,壊す,1
1198,13,catch,捕まえる,逃がす,失う,壊す,1
1199,13,save,救う/節約する,失う,壊す,捨てる,1
1200,13,deep,深い,浅い,狭い,危険な,1
1201,13,wet,ぬれた,乾いた,危険な,固い,1
1202,13,condition,状態/条件,結果,事故,文化,1
1203,13,circumstance,状況,結果,事故,制度,1
1204,13,pronounce,発音する,書く,隠す,拒否する,1
1205,13,welcome,歓迎する,拒否する,失う,壊す,1
1206,13,sharp,鋭い,鈍い,柔らかい,危険な,1
1207,13,plain,明白な/質素な,複雑な,豪華な,危険な,1
1208,13,simple,単純な,複雑な,危険な,珍しい,1
1209,13,sweat,汗/汗をかく,涙,血,水,1
1210,13,soon,すぐに,決して,昨日,危険,1
1211,13,misunderstand,誤解する,理解する,説明する,失う,1
1212,13,recognize,認識する,忘れる,失う,拒否する,1
1213,13,air-conditioner,エアコン,冷蔵庫,扇風機,電子レンジ,1
1214,13,build,建てる,壊す,失う,捨てる,1
1215,13,care,世話/気にする,無視,危険,失敗,1
1216,13,pretty,かなり/かわいい,醜い,危険な,普通の,1
1217,13,ready,準備ができた,未準備の,危険な,普通の,1
1218,13,encounter,遭遇する,避ける,失う,拒否する,1
1219,13,male,男性,女性,子供,教師,1
1220,13,female,女性,男性,子供,教師,1
1221,13,habit,習慣,偶然,事故,制度,1
1222,13,relax,くつろぐ,緊張する,失う,壊す,1
1223,13,polite,礼儀正しい,失礼な,危険な,普通の,1
1224,13,familiar,よく知っている,未知の,危険な,普通の,1
1225,13,formal,形式的な,カジュアルな,危険な,普通の,1
1226,13,relationship,関係,孤立,事故,制度,1
1227,13,magazine,雑誌,新聞,辞書,教科書,1
1228,13,popular,人気のある,不人気な,危険な,普通の,1
1229,13,low,低い,高い,深い,危険な,1
1230,13,dark,暗い,明るい,軽い,危険な,1
1231,13,light,明るい/軽い,暗い,重い,危険な,1
1232,13,outside,外で/外の,中で,内部,危険,1
1233,13,inside,内部で/内部の,外部で,危険,停止,1
1234,13,hour,時間,分,秒,日,1
1235,13,second,秒/2番目,最初,時間,日,1
1236,13,cheap,安い,高価な,危険な,珍しい,1
1237,13,expensive,高価な,安い,危険な,普通の,1
1238,13,thirsty,のどが渇いた,空腹な,眠い,元気な,1
1239,13,special,特別な,普通の,危険な,珍しい,1
1240,13,wide,幅の広い,狭い,深い,危険な,1
1241,13,narrow,狭い,広い,深い,危険な,1
1242,13,together,一緒に,別々に,孤立して,危険に,1
1243,13,gather,集まる/集める,散らばる,失う,壊す,1
1244,13,wear,身に着けている,脱ぐ,失う,壊す,1
1245,13,tight,しっかりした/きつい,ゆるい,危険な,普通の,1
1246,14,the tea ceremony,茶道,華道,剣道,書道,1
1247,14,cherry blossoms,桜の花,梅,菊,バラ,1
1248,14,garden,庭園,建物,道路,学校,1
1249,14,flower arrangement,生け花,料理,掃除,旅行,1
1250,14,calligraphy,書道,数学,音楽,料理,1
1251,14,craft,工芸品,機械,法律,契約,1
1252,14,postcard,はがき,手紙,辞書,新聞,1
1253,14,festival,祭り,授業,会議,戦争,1
1254,14,sculpture,彫刻,絵画,音楽,建物,1
1255,14,fireworks,花火,雷,爆発,事故,1
1256,14,lantern,ちょうちん,ろうそく,電球,懐中電灯,1
1257,14,parade,行進/行列,停止,事故,制度,1
1258,14,kite,たこ,鳥,飛行機,風船,1
1259,14,season,季節,天気,時間,月,1
1260,14,volcano,火山,湖,川,山脈,1
1261,14,lake,湖,海,川,池,1
1262,14,prefecture,県,市,国,村,1
1263,14,soybean,大豆,小麦,米,とうもろこし,1
1264,14,tuna,マグロ,サケ,牛肉,豚肉,1
1265,14,soup,スープ,ご飯,パン,肉,1
1266,14,goddess,女神,王,兵士,市民,1
1267,14,temple,寺,学校,病院,市場,1
1268,14,shrine,神社,寺,学校,市場,1
1269,14,torii,鳥居,橋,門,塔,1
1270,14,sacred,神聖な,普通の,危険な,珍しい,1
1271,14,Buddha,仏陀,王,将軍,教師,1
1272,14,Buddhism,仏教,キリスト教,イスラム教,哲学,1
1273,14,Buddhist,仏教徒/仏教の,神父,教師,医者,1
1274,14,Christianity,キリスト教,仏教,イスラム教,哲学,1
1275,14,sect,宗派,学校,法律,会社,1
1276,14,structure,建造物/構造,制度,事故,文化,1
1277,14,evil,悪/悪い,善,安全,利益,1
1278,14,historical,歴史的な,未来の,危険な,普通の,1
1279,14,heritage,遺産,未来,事故,制度,1
1280,14,martial,軍事の,平和的な,危険な,普通の,1
1281,14,emperor,天皇/皇帝,大臣,教師,兵士,1
1282,14,imperial,皇帝の/天皇の,市民の,危険な,普通の,1
1283,14,palace,宮殿,学校,病院,市場,1
1284,14,bomb,爆弾,花火,道具,機械,1
1285,14,restoration,復活/復元,破壊,失敗,停止,1
1286,14,Olympic,オリンピック競技の,学校の,危険な,普通の,1
1287,14,hospitality,おもてなし,敵意,無関心,危険,1
1288,14,use,使う,捨てる,失う,壊す,1
1289,14,mean,意味する,無意味,失う,拒否する,1
1290,14,agree,賛成する,反対する,拒否する,失う,1
1291,14,obey,従う,反抗する,拒否する,失う,1
1292,14,opinion,意見,事実,法律,事故,1
1293,14,viewpoint,立場/観点,結果,事故,制度,1
1294,14,quite,完全に/かなり,少し,全くない,危険,1
1295,14,maybe,もしかしたら,確実に,決して,昨日,1
1296,14,probable,ありそうな,不可能な,危険な,珍しい,1
1297,14,probably,たぶん,決して,昨日,危険,1
1298,14,anyway,とにかく,しかし,昨日,危険,1
1299,14,strict,厳しい,優しい,危険な,普通の,1
1300,14,nervous,緊張して/神経質な,冷静な,危険な,普通の,1
1301,14,shy,恥ずかしがりの,社交的な,危険な,普通の,1
1302,14,excellent,すばらしい,ひどい,普通の,危険な,1
1303,14,generous,気前のよい,けちな,危険な,普通の,1
1304,14,gentle,やさしい,厳しい,危険な,普通の,1
1305,14,trip,旅行/外出,仕事,事故,制度,1
1306,14,sightseeing,観光,勉強,仕事,事故,1
1307,14,reservation,予約,取消,事故,制度,1
1308,14,reserve,取っておく/予約する,失う,捨てる,拒否する,1
1309,14,book,本/予約する,雑誌,新聞,辞書,1
1310,14,destination,目的地,出発地,事故,制度,1
1311,14,vacation,休暇,仕事,授業,試験,1
1312,14,brief,短い,長い,危険な,普通の,1
1313,14,meaningful,意味のある,無意味な,危険な,普通の,1
1314,14,customs officer,税関の係員,警察,教師,医者,1
1315,14,strange,見知らぬ/奇妙な,普通の,安全な,珍しい,1
1316,14,stranger,見知らぬ人,友人,教師,医者,1
1317,14,change,変化/小銭/つり銭,固定,危険,事故,1
1318,14,architecture,建築,法律,教育,文化,1
1319,14,public,公の/一般の人,私的な,危険な,普通の,1
1320,14,official,公の,私的な,危険な,普通の,1
1321,14,museum,博物館,図書館,学校,病院,1
1322,14,price,値段,無料,事故,制度,1
1323,14,gate,門,窓,壁,屋根,1
1324,14,tour,旅行/見学,授業,事故,制度,1
1325,14,tourist,旅行者,住民,教師,医者,1
1326,14,include,含む,除外する,拒否する,失う,1
1327,14,exclude,除外する,含む,受け入れる,失う,1
1328,14,holiday,休日/祝日,仕事,授業,試験,1
1329,14,holy,神聖な/信心深い,普通の,危険な,珍しい,1
1330,14,aircraft,航空機,船,電車,車,1
1331,14,aisle,通路,壁,窓,屋根,1
1332,14,blanket,毛布,枕,ベッド,机,1
1333,14,step,歩み/階段/手段,停止,事故,制度,1
1334,14,park,公園/駐車場,学校,病院,市場,1
1335,14,lot,くじ/（土地の一区画）/たくさんのもの,少量,事故,制度,1
1336,14,sidewalk,歩道,車道,屋根,壁,1
1337,14,intersection,交差点,駅,学校,市場,1
1338,14,plate,皿,コップ,鍋,机,1
1339,14,discount,割引,増税,罰金,事故,1
1340,14,pull,引く,押す,失う,壊す,1
1341,14,press,押す/強調する,引く,失う,壊す,1
1342,14,push,押す/強いる,引く,失う,壊す,1
1343,14,bake,焼く,煮る,冷やす,切る,1
1344,14,baker,パン屋/パンを焼く人,教師,医者,警察,1
1345,14,bakery,パン屋,病院,学校,市場,1
1346,14,delicious,とてもおいしい,まずい,危険な,普通の,1
1347,14,uniform,制服,私服,帽子,靴,1
1348,14,dentist,歯医者,内科医,教師,警察,1
1349,14,ache,痛み/痛む,喜び,利益,安全,1
1350,14,stomach,胃/お腹,心臓,肺,脳,1
1351,14,fever,熱/熱狂,寒気,安全,利益,1
1352,14,pain,苦痛,喜び,利益,安全,1
1353,14,hay fever,花粉症,風邪,胃痛,頭痛,1
1354,14,influenza,インフルエンザ,風邪,花粉症,胃痛,1
1355,14,disease,病気,健康,安全,利益,1
1356,15,nowadays,今日では,昔は,昨日,決して,1
1357,15,recently,最近,昔,未来,永遠に,1
1358,15,difficulty,困難,容易,利益,成功,1
1359,15,problem,問題,解決,成功,利益,1
1360,15,quote,引用する/引用,削除する,拒否する,失う,1
1361,15,same,同じ,異なる,危険な,珍しい,1
1362,15,reconsider,再考する,無視する,拒否する,失う,1
1363,15,strong,強い,弱い,危険な,柔らかい,1
1364,15,wrong,間違った,正しい,安全な,普通の,1
1365,15,different,異なる,同じ,危険な,普通の,1
1366,15,unique,独特の,普通の,一般的な,危険な,1
1367,15,necessary,必要な,不要な,危険な,普通の,1
1368,15,famous,有名な,無名な,危険な,普通の,1
1369,15,secret,秘密,公開情報,利益,制度,1
1370,15,effective,効果的な,無効な,危険な,普通の,1
1371,15,logic,論理,感情,事故,文化,1
1372,15,define,定義する,曖昧にする,拒否する,失う,1
1373,15,definition,定義,曖昧さ,事故,制度,1
1374,15,scope,範囲,一点,事故,制度,1
1375,15,enroll,入学する/登録する,退学する,拒否する,失う,1
1376,15,drop,落とす/やめる,保持する,拾う,失う,1
1377,15,scholarship,奨学金,借金,税金,罰金,1
1378,15,grade,成績/等級,失敗,事故,制度,1
1379,15,graduate,卒業する,入学する,退学する,失う,1
1380,15,undergraduate,大学生,大学院生,教師,医者,1
1381,15,theme,テーマ,結果,事故,制度,1
1382,15,debate,議論する/討論,沈黙する,拒否する,失う,1
1383,15,summary,要約,全文,事故,制度,1
1384,15,letter,手紙/文字,数字,新聞,辞書,1
1385,15,blank,空白の,満たされた,危険な,普通の,1
1386,15,throw,投げる,受け取る,失う,壊す,1
1387,15,locally,地元で,海外で,危険に,永久に,1
1388,15,originally,もともと,最近,昨日,将来,1
1389,15,traditional,伝統的な,現代的な,危険な,普通の,1
1390,15,urban,都市の,田舎の,危険な,普通の,1
1391,15,rural,田舎の,都市の,危険な,普通の,1
1392,15,suburb,郊外,都心,田舎,外国,1
1393,15,liberty,自由,束縛,危険,失敗,1
1394,15,situation,状況,結果,事故,制度,1
1395,15,inevitable,避けられない,回避可能な,危険な,普通の,1
1396,16,hospital,病院,学校,駅,工場,1
1397,16,bank,銀行,病院,学校,公園,1
1398,16,playground,運動場/校庭,図書館,病院,工場,1
1399,16,bridge,橋,道路,駅,公園,1
1400,16,farm,農場,工場,学校,病院,1
1401,16,hill,丘,谷,川,海,1
1402,16,church,教会,寺,学校,病院,1
1403,16,village,村,都市,県,国,1
1404,16,forest,森林,砂漠,海,都市,1
1405,16,wood,木材/森,鉄,石油,紙,1
1406,16,airport,空港,駅,港,道路,1
1407,16,theater,劇場,病院,学校,図書館,1
1408,16,university,大学,高校,病院,会社,1
1409,16,floor,床/階,天井,壁,屋根,1
1410,16,garage,車庫,庭,病院,学校,1
1411,16,cafeteria,食堂,病院,学校,図書館,1
1412,16,doctor,医者,教師,警察官,弁護士,1
1413,16,husband,夫,妻,兄,父,1
1414,16,wife,妻,夫,姉,母,1
1415,16,diary,日記,辞書,新聞,雑誌,1
1416,16,chopsticks,箸,フォーク,ナイフ,皿,1
1417,16,stapler,ホチキス,のり,はさみ,定規,1
1418,16,envelope,封筒,切手,箱,袋,1
1419,16,stamp,切手/判子,封筒,紙幣,硬貨,1
1420,16,dictionary,辞書,日記,雑誌,新聞,1
1421,16,socks,靴下,靴,帽子,手袋,1
1422,16,ice,氷,雪,水,湯,1
1423,17,aquarium,水族館,動物園,博物館,図書館,1
1424,17,planetarium,プラネタリウム,映画館,博物館,劇場,1
1425,17,act,行動する/演じる,休む,学ぶ,作る,1
1426,17,actor,俳優,監督,歌手,作家,1
1427,17,actress,女優,歌手,作家,監督,1
1428,17,assistant,助手/アシスタント,社長,監督,教授,1
1429,17,professor,教授,学生,医者,会社員,1
1430,17,examination,試験/検査,宿題,授業,会議,1
1431,17,examine,調べる/試験する,無視する,壊す,隠す,1
1432,17,succeed,成功する,失敗する,拒否する,壊す,1
1433,17,attitude,態度,結果,事故,制度,1
1434,17,prepare,準備する,放置する,拒否する,失う,1
1435,17,cloth,布,紙,鉄,木,1
1436,17,clothes,衣服,布,家具,紙,1
1437,17,event,出来事,日常,制度,事故,1
1438,17,ring,指輪,財布,帽子,靴,1
1439,17,purse,財布,指輪,帽子,靴,1
1440,17,wallet,財布,指輪,帽子,靴,1
1441,17,package,小包,手紙,財布,本,1
1442,17,electricity,電気,水,ガス,石油,1
1443,17,advantage,利点,欠点,危険,事故,1
1444,17,distance,距離,時間,重量,速度,1
1445,17,distant,遠い,近い,危険な,普通の,1
1446,17,emergency,緊急事態,平常時,休暇,利益,1
1447,17,emotion,感情,論理,制度,事故,1
1448,17,variety,多様性,単一性,制度,事故,1
1449,17,vary,変わる,固定する,停止する,失う,1
1450,17,attack,攻撃,防御,平和,停止,1
1451,17,bear,耐える/クマ,拒否する,逃げる,犬,1
1452,17,carry,運ぶ,捨てる,失う,壊す,1
1453,17,limb,手足,頭,心臓,胃,1
1454,17,continue,続ける,止める,拒否する,失う,1
1455,17,discover,発見する,隠す,失う,拒否する,1
1456,17,fight,戦う,逃げる,休む,失う,1
1457,17,flow,流れる,止まる,固まる,消える,1
1458,17,invite,招待する,拒否する,追放する,失う,1
1459,17,invent,発明する,破壊する,失う,拒否する,1
1460,17,invention,発明,事故,制度,文化,1
1461,17,lose,失う/負ける,得る,勝つ,保持する,1
1462,17,rescue,救助する,見捨てる,攻撃する,拒否する,1
1463,17,improve,改善する,悪化させる,壊す,失う,1
1464,17,spread,広がる/広げる,縮小する,止まる,失う,1
1465,17,hold,開催する/持つ,捨てる,失う,拒否する,1
1466,17,receive,受け取る,拒否する,失う,捨てる,1
1467,17,scream,叫ぶ,ささやく,黙る,笑う,1
1468,17,recover,回復する,悪化する,失う,拒否する,1
1469,17,repeat,繰り返す,一度で終える,止める,失う,1
1470,17,trust,信頼する,疑う,拒否する,失う,1
1471,17,publish,出版する,削除する,隠す,拒否する,1
1472,17,guess,推測する,確認する,拒否する,失う,1
1473,17,surround,囲む,解放する,失う,拒否する,1
1474,17,surroundings,環境,孤立,事故,制度,1
1475,17,perform,実行する,停止する,拒否する,失う,1
1476,17,performance,演技/成績,失敗,事故,制度,1
1477,17,complete,完成させる,壊す,失う,拒否する,1
1478,17,TRUE,本当の,偽の,危険な,普通の,1
1479,17,comfortable,快適な,不快な,危険な,普通の,1
1480,17,concrete,具体的な/コンクリート,抽象的な,危険な,普通の,1
1481,17,abstract,抽象的な,具体的な,危険な,普通の,1
1482,17,confident,自信がある,不安な,危険な,普通の,1
1483,17,ideal,理想的な,最悪の,危険な,普通の,1
1484,17,long,長い/長く続く,短い,小さい,危険な,1
1485,17,usual,通常の,異常な,危険な,珍しい,1
1486,17,quality,質,量,事故,制度,1
1487,17,direct,直接の,間接の,危険な,普通の,1
1488,17,correct,正しい,誤った,危険な,普通の,1
1489,17,unfortunately,残念ながら,幸運にも,必ず,絶対に,1
